,avg_LSE-D,std_LSE-D,avg_LSE-C,std_LSE-C
0,7.420790510000001,7.36451085,6.729969820000001,6.2220243
