,avg_LSE-D,std_LSE-D,avg_LSE-C,std_LSE-C
0,7.12567247,6.9982135,7.83280245,7.61923775
